bin_lo,bin_hi,count,pred_mean,obs_rate
0.0,0.1,6000,0.024999999999974994,0.15
0.1,0.2,0,,
0.2,0.30000000000000004,0,,
0.30000000000000004,0.4,0,,
0.4,0.5,0,,
0.5,0.6000000000000001,0,,
0.6000000000000001,0.7000000000000001,0,,
0.7000000000000001,0.8,0,,
0.8,0.9,0,,
0.9,1.0,0,,
